stockid,stocknm,stockle,stockkin
1101,台泥,市,水泥
1102,亞泥,市,水泥
1103,嘉泥,市,水泥
1104,環泥,市,水泥
1108,幸福,市,水泥
1109,信大,市,水泥
1110,東泥,市,水泥
1201,味全,市,食品
1203,味王,市,食品
1210,大成,市,食品
1213,大飲,市,食品
1215,卜蜂,市,食品
1216,統一,市,食品
1217,愛之味,市,食品
1218,泰山,市,食品
1219,福壽,市,食品
1220,台榮,市,食品
1225,福懋油,市,食品
1227,佳格,市,食品
1229,聯華,市,食品
1231,聯華食,市,食品
1232,大統益,市,食品
1233,天仁,市,食品
1234,黑松,市,食品
1235,興泰,市,食品
1236,宏亞,市,食品
1256,鮮活果汁-KY,市,食品
1301,台塑,市,塑膠
1303,南亞,市,塑膠
1304,台聚,市,塑膠
1305,華夏,市,塑膠
1307,三芳,市,塑膠
1308,亞聚,市,塑膠
1309,台達化,市,塑膠
1310,台苯,市,塑膠
1312,國喬,市,塑膠
1313,聯成,市,塑膠
1314,中石化,市,塑膠
1315,達新,市,塑膠
1316,上曜,市,營建
1319,東陽,市,汽車零組件
1321,大洋,市,塑膠
1323,永裕,市,塑膠
1324,地球,市,塑膠
1325,恆大,市,塑膠
1326,台化,市,塑膠
1337,再生-KY,市,塑膠
1338,廣華-KY,市,汽車零組件
1339,昭輝,市,汽車零組件
1340,勝悅-KY,市,塑膠
1341,富林-KY,市,塑膠
1342,八貫,市,塑膠
1402,遠東新,市,紡織纖維
1409,新纖,市,紡織纖維
1410,南染,市,紡織纖維
1413,宏洲,市,紡織纖維
1414,東和,市,紡織纖維
1416,廣豐,市,其他
1417,嘉裕,市,紡織纖維
1418,東華,市,紡織纖維
1419,新紡,市,紡織纖維
1423,利華,市,紡織纖維
1432,大魯閣,市,百貨
1434,福懋,市,紡織纖維
1435,中福,市,其他
1436,華友聯,市,營建
1437,勤益控,市,其他
1438,三地開發,市,營建
1439,中和,市,紡織纖維
1440,南紡,市,紡織纖維
1441,大東,市,紡織纖維
1442,名軒,市,營建
1443,立益,市,航運
1444,力麗,市,紡織纖維
1445,大宇,市,紡織纖維
1446,宏和,市,紡織纖維
1447,力鵬,市,紡織纖維
1449,佳和,市,紡織纖維
1451,年興,市,紡織纖維
1452,宏益,市,紡織纖維
1453,大將,市,營建
1454,台富,市,紡織纖維
1455,集盛,市,紡織纖維
1456,怡華,市,營建
1457,宜進,市,紡織纖維
1459,聯發,市,紡織纖維
1460,宏遠,市,紡織纖維
1463,強盛,市,紡織纖維
1464,得力,市,紡織纖維
1465,偉全,市,紡織纖維
1466,聚隆,市,紡織纖維
1467,南緯,市,紡織纖維
1468,昶和,市,紡織纖維
1470,大統新創,市,紡織纖維
1471,首利,市,電源供應器
1472,三洋紡,市,紡織纖維
1473,台南,市,紡織纖維
1474,弘裕,市,紡織纖維
1475,業旺,市,紡織纖維
1476,儒鴻,市,紡織纖維
1477,聚陽,市,紡織纖維
1503,士電,市,電機
1504,東元,市,電機
1506,正道,市,汽車零組件
1507,永大,市,電機
1512,瑞利,市,汽車零組件
1513,中興電,市,電機
1514,亞力,市,電機
1515,力山,市,電機
1516,川飛,市,其他
1517,利奇,市,電機
1519,華城,市,電機
1521,大億,市,汽車零組件
1522,堤維西,市,汽車零組件
1524,耿鼎,市,汽車零組件
1525,江申,市,汽車零組件
1526,日馳,市,電機
1527,鑽全,市,電機
1528,恩德,市,電機
1529,樂士,市,電機
1530,亞崴,市,電機
1531,高林股,市,電機
1532,勤美,市,鋼鐵
1533,車王電,市,汽車零組件
1535,中宇,市,電機
1536,和大,市,汽車零組件
1537,廣隆,市,汽車零組件
1538,正峰,市,電機
1539,巨庭,市,電機
1540,喬福,市,電機
1541,錩泰,市,電機
1558,伸興,市,電機
1560,中砂,市,電機
1568,倉佑,市,汽車零組件
1582,信錦,市,連接元件
1583,程泰,市,電機
1587,吉茂,市,電機
1589,永冠-KY,市,電機
1590,亞德客-KY,市,電機
1592,英瑞-KY,市,汽車工業
1597,直得,市,電機
1598,岱宇,市,生技
1603,華電,市,電線電纜
1604,聲寶,市,消費電子
1605,華新,市,電線電纜
1608,華榮,市,電線電纜
1609,大亞,市,電線電纜
1611,中電,市,電機
1612,宏泰,市,電線電纜
1614,三洋電,市,電機
1615,大山,市,電線電纜
1616,億泰,市,電線電纜
1617,榮星,市,電線電纜
1618,合機,市,電線電纜
1626,艾美特-KY,市,電機
1701,中化,市,生技
1702,南僑,市,食品
1707,葡萄王,市,生技
1708,東鹼,市,化學工業
1709,和益,市,化學工業
1710,東聯,市,塑膠
1711,永光,市,化學工業
1712,興農,市,生技
1713,國化,市,化學工業
1714,和桐,市,化學工業
1717,長興,市,化學工業
1718,中纖,市,塑膠
1720,生達,市,生技
1721,三晃,市,化學工業
1722,台肥,市,化學工業
1723,中碳,市,化學工業
1724,台硝,市,化學工業
1725,元禎,市,化學工業
1726,永記,市,化學工業
1727,中華化,市,化學工業
1730,花仙子,市,化學工業
1731,美吾華,市,生技
1732,毛寶,市,化學工業
1733,五鼎,市,生技
1734,杏輝,市,生技
1735,日勝化,市,塑膠
1736,喬山,市,生技
1737,臺鹽,市,食品
1760,寶齡富錦,市,生技
1762,中化生,市,生技
1773,勝一,市,化學工業
1776,展宇,市,化學工業
1783,和康生,市,生技
1786,科妍,市,生技
1789,神隆,市,生技
1795,美時,市,生技
1802,台玻,市,玻璃陶瓷
1805,寶徠,市,營建
1806,冠軍,市,玻璃陶瓷
1808,潤隆,市,營建
1809,中釉,市,玻璃陶瓷
1810,和成,市,玻璃陶瓷
1817,凱撒衛,市,玻璃陶瓷
1903,士紙,市,紙業
1904,正隆,市,紙業
1905,華紙,市,紙業
1906,寶隆,市,紙業
1907,永豐餘,市,紙業
1909,榮成,市,紙業
2002,中鋼,市,鋼鐵
2006,東和鋼鐵,市,鋼鐵
2007,燁興,市,鋼鐵
2008,高興昌,市,鋼鐵
2009,第一銅,市,鋼鐵
2010,春源,市,鋼鐵
2012,春雨,市,鋼鐵
2013,中鋼構,市,鋼鐵
2014,中鴻,市,鋼鐵
2015,豐興,市,鋼鐵
2017,官田鋼,市,鋼鐵
2020,美亞,市,鋼鐵
2022,聚亨,市,鋼鐵
2023,燁輝,市,鋼鐵
2024,志聯,市,鋼鐵
2025,千興,市,鋼鐵
2027,大成鋼,市,鋼鐵
2028,威致,市,鋼鐵
2029,盛餘,市,鋼鐵
2030,彰源,市,鋼鐵
2031,新光鋼,市,鋼鐵
2032,新鋼,市,鋼鐵
2033,佳大,市,鋼鐵
2034,允強,市,鋼鐵
2038,海光,市,鋼鐵
2049,上銀,市,電機
2059,川湖,市,其他
2062,橋椿,市,其他
2069,運錩,市,鋼鐵
2101,南港,市,橡膠
2102,泰豐,市,橡膠
2103,台橡,市,橡膠
2104,國際中橡,市,橡膠
2105,正新,市,橡膠
2106,建大,市,橡膠
2107,厚生,市,橡膠
2108,南帝,市,橡膠
2109,華豐,市,橡膠
2114,鑫永銓,市,橡膠
2115,六暉-KY,市,汽車零組件
2201,裕隆,市,汽車
2204,中華,市,汽車
2206,三陽工業,市,汽車
2207,和泰車,市,汽車
2208,台船,市,航運
2211,長榮鋼,市,鋼鐵
2227,裕日車,市,汽車
2228,劍麟,市,汽車零組件
2231,為升,市,汽車零組件
2233,宇隆,市,汽車零組件
2236,百達-KY,市,汽車零組件
2239,英利-KY,市,汽車零組件
2241,艾姆勒,市,汽車零組件
2243,宏旭-KY,市,汽車零組件
2247,汎德永業,市,汽車
2250,IKKA-KY,市,汽車零組件
2301,光寶科,市,EMS
2302,麗正,市,LED及光元件
2303,聯電,市,IC代工
2305,全友,市,掃描器
2308,台達電,市,EMS
2312,金寶,市,EMS
2313,華通,市,PCB製造
2314,台揚,市,通訊設備
2316,楠梓電,市,PCB製造
2317,鴻海,市,EMS
2321,東訊,市,通訊設備
2323,中環,市,光碟片
2324,仁寶,市,筆記型電腦
2327,國巨,市,被動元件
2328,廣宇,市,連接元件
2329,華泰,市,IC封測
2330,台積電,市,IC代工
2331,精英,市,主機板
2332,友訊,市,網通
2337,旺宏,市,IC製造
2338,光罩,市,IC其他
2340,光磊,市,LED及光元件
2342,茂矽,市,DRAM銷售
2344,華邦電,市,IC DRAM製造
2345,智邦,市,網通
2347,聯強,市,資訊通路
2348,海悅,市,其他
2349,錸德,市,光碟片
2351,順德,市,IC其他
2352,佳世達,市,EMS
2353,宏碁,市,筆記型電腦
2354,鴻準,市,機殼
2355,敬鵬,市,PCB製造
2356,英業達,市,筆記型電腦
2357,華碩,市,筆記型電腦
2358,廷鑫,市,顯示器
2359,所羅門,市,其他
2360,致茂,市,儀器設備工程
2362,藍天,市,筆記型電腦
2363,矽統,市,IC設計
2364,倫飛,市,筆記型電腦
2365,昆盈,市,掃描器
2367,燿華,市,PCB製造
2368,金像電,市,PCB製造
2369,菱生,市,IC封測
2371,大同,市,電機
2373,震旦行,市,資訊通路
2374,佳能,市,數位相機
2375,凱美,市,被動元件
2376,技嘉,市,主機板
2377,微星,市,主機板
2379,瑞昱,市,IC設計
2380,虹光,市,掃描器
2382,廣達,市,筆記型電腦
2383,台光電,市,PCB材料設備
2385,群光,市,其他
2387,精元,市,NB與手機零組件
2388,威盛,市,IC設計
2390,云辰,市,安全監控
2392,正崴,市,連接元件
2393,億光,市,LED及光元件
2395,研華,市,工業電腦
2397,友通,市,主機板
2399,映泰,市,主機板
2401,凌陽,市,IC設計
2402,毅嘉,市,NB與手機零組件
2404,漢唐,市,儀器設備工程
2405,浩鑫,市,主機板
2406,國碩,市,太陽能
2408,南亞科,市,IC DRAM製造
2409,友達,市,LCD TFT面板
2412,中華電,市,電信服務
2413,環科,市,電源供應器
2414,精技,市,資訊通路
2415,錩新,市,其他
2417,圓剛,市,PC介面卡
2419,仲琦,市,通訊設備
2420,新巨,市,電源供應器
2421,建準,市,電源供應器
2423,固緯,市,儀器設備工程
2424,隴華,市,PC介面卡
2425,承啟,市,主機板
2426,鼎元,市,LED及光元件
2427,三商電,市,系統整合
2428,興勤,市,被動元件
2429,銘旺科,市,其他
2430,燦坤,市,資訊通路
2431,聯昌,市,變壓器與UPS
2433,互盛電,市,系統整合
2434,統懋,市,LED及光元件
2436,偉詮電,市,IC設計
2438,翔耀,市,LED及光元件
2439,美律,市,NB與手機零組件
2440,太空梭,市,連接元件
2441,超豐,市,IC封測
2442,新美齊,市,顯示器
2443,億麗,市,其他
2444,兆勁,市,網通
2449,京元電子,市,IC封測
2450,神腦,市,資訊通路
2451,創見,市,DRAM銷售
2453,凌群,市,系統整合
2454,聯發科,市,IC設計
2455,全新,市,LED及光元件
2456,奇力新,市,電子零組件業
2457,飛宏,市,變壓器與UPS
2458,義隆,市,IC設計
2459,敦吉,市,其他
2460,建通,市,連接元件
2461,光群雷,市,其他
2462,良得電,市,連接元件
2464,盟立,市,儀器設備工程
2465,麗臺,市,PC介面卡
2466,冠西電,市,LED及光元件
2467,志聖,市,PCB材料設備
2468,華經,市,系統整合
2471,資通,市,系統整合
2472,立隆電,市,被動元件
2474,可成,市,機殼
2476,鉅祥,市,連接元件
2477,美隆電,市,消費電子
2478,大毅,市,被動元件
2480,敦陽科,市,系統整合
2481,強茂,市,LED及光元件
2482,連宇,市,商業自動化
2483,百容,市,連接元件
2484,希華,市,被動元件
2485,兆赫,市,通訊設備
2486,一詮,市,LED及光元件
2488,漢平,市,消費電子
2489,瑞軒,市,顯示器
2491,吉祥全,市,光碟片
2492,華新科,市,被動元件
2493,揚博,市,PCB材料設備
2495,普安,市,其他
2496,卓越,市,其他
2497,怡利電,市,汽車零組件
2498,宏達電,市,手機製造
2501,國建,市,營建
2504,國產,市,營建
2505,國揚,市,營建
2506,太設,市,營建
2509,全坤建,市,營建
2511,太子,市,營建
2514,龍邦,市,營建
2515,中工,市,營建
2516,新建,市,營建
2520,冠德,市,營建
2524,京城,市,營建
2527,宏璟,市,營建
2528,皇普,市,營建
2530,華建,市,營建
2534,宏盛,市,營建
2535,達欣工,市,營建
2536,宏普,市,營建
2537,聯上發,市,營建
2538,基泰,市,營建
2539,櫻花建,市,營建
2540,愛山林,市,營建
2542,興富發,市,營建
2543,皇昌,市,營建
2545,皇翔,市,營建
2546,根基,市,營建
2547,日勝生,市,營建
2548,華固,市,營建
2597,潤弘,市,營建
2601,益航,市,百貨
2603,長榮,市,航運
2605,新興,市,航運
2606,裕民,市,航運
2607,榮運,市,航運
2608,嘉里大榮,市,航運
2609,陽明,市,航運
2610,華航,市,航運
2611,志信,市,航運
2612,中航,市,航運
2613,中櫃,市,航運
2614,東森,市,其他
2615,萬海,市,航運
2616,山隆,市,其他
2617,台航,市,航運
2618,長榮航,市,航運
2630,亞航,市,航運
2633,台灣高鐵,市,航運
2634,漢翔,市,航運
2636,台驊投控,市,航運
2637,慧洋-KY,市,航運
2642,宅配通,市,航運
2701,萬企,市,觀光
2702,華園,市,觀光
2704,國賓,市,觀光
2705,六福,市,觀光
2706,第一店,市,觀光
2707,晶華,市,觀光
2712,遠雄來,市,觀光
2722,夏都,市,觀光
2723,美食-KY,市,觀光
2727,王品,市,觀光
2731,雄獅,市,觀光
2739,寒舍,市,觀光
2748,雲品,市,觀光
2753,八方雲集,市,食品
2801,彰銀,市,銀行
2809,京城銀,市,銀行
2812,台中銀,市,銀行
2816,旺旺保,市,保險
2820,華票,市,銀行
2823,中壽,市,金融保險業
2832,台產,市,保險
2834,臺企銀,市,銀行
2836,高雄銀,市,銀行
2838,聯邦銀,市,銀行
2841,台開,市,營建
2845,遠東銀,市,銀行
2849,安泰銀,市,銀行
2850,新產,市,保險
2851,中再保,市,保險
2852,第一保,市,保險
2855,統一證,市,證券
2867,三商壽,市,保險
2880,華南金,市,金控
2881,富邦金,市,金控
2882,國泰金,市,金控
2883,開發金,市,金控
2884,玉山金,市,金控
2885,元大金,市,金控
2886,兆豐金,市,金控
2887,台新金,市,金控
2888,新光金,市,金控
2889,國票金,市,金控
2890,永豐金,市,金控
2891,中信金,市,金控
2892,第一金,市,金控
2897,王道銀行,市,銀行
2901,欣欣,市,百貨
2903,遠百,市,百貨
2904,匯僑,市,其他
2905,三商,市,百貨
2906,高林,市,百貨
2908,特力,市,百貨
2910,統領,市,百貨
2911,麗嬰房,市,百貨
2912,統一超,市,百貨
2913,農林,市,百貨
2915,潤泰全,市,百貨
2923,鼎固-KY,市,營建
2929,淘帝-KY,市,百貨
2936,客思達-KY,市,百貨
2939,凱羿-KY,市,百貨
3002,歐格,市,電源供應器
3003,健和興,市,連接元件
3004,豐達科,市,其他
3005,神基,市,筆記型電腦
3006,晶豪科,市,IC設計
3008,大立光,市,光學鏡片
3010,華立,市,IC通路
3011,今皓,市,連接元件
3013,晟銘電,市,機殼
3014,聯陽,市,IC設計
3015,全漢,市,電源供應器
3016,嘉晶,市,IC製造
3017,奇鋐,市,NB與手機零組件
3018,同開,市,儀器設備工程
3019,亞光,市,光學鏡片
3021,鴻名,市,連接元件
3022,威強電,市,工業電腦
3023,信邦,市,連接元件
3024,憶聲,市,顯示器
3025,星通,市,通訊設備
3026,禾伸堂,市,被動元件
3027,盛達,市,電源供應器
3028,增你強,市,IC通路
3029,零壹,市,系統整合
3030,德律,市,IC其他
3031,佰鴻,市,LED及光元件
3032,偉訓,市,機殼
3033,威健,市,IC通路
3034,聯詠,市,IC設計
3035,智原,市,IC設計
3036,文曄,市,IC通路
3037,欣興,市,PCB製造
3038,全台,市,LCD STN面板
3040,遠見,市,消費電子
3041,揚智,市,IC設計
3042,晶技,市,被動元件
3043,科風,市,變壓器與UPS
3044,健鼎,市,PCB製造
3045,台灣大,市,電信服務
3046,建碁,市,主機板
3047,訊舟,市,網通
3048,益登,市,IC通路
3049,和鑫,市,LCD零組件
3050,鈺德,市,光碟片
3051,力特,市,LCD零組件
3052,夆典,市,營建
3054,立萬利,市,其他
3055,蔚華科,市,儀器設備工程
3056,總太,市,營建
3057,喬鼎,市,其他
3058,立德,市,變壓器與UPS
3059,華晶科,市,數位相機
3060,銘異,市,其他
3062,建漢,市,網通
3090,日電貿,市,被動元件
3092,鴻碩,市,連接元件
3094,聯傑,市,IC設計
3130,一零四,市,其他
3138,耀登,市,通訊設備
3149,正達,市,LCD STN面板
3164,景岳,市,生技
3167,大量,市,電機
3189,景碩,市,PCB製造
3209,全科,市,IC通路
3229,晟鈦,市,PCB製造
3231,緯創,市,筆記型電腦
3257,虹冠電,市,IC設計
3266,昇陽,市,營建
3296,勝德,市,變壓器與UPS
3305,昇貿,市,其他
3308,聯德,市,電源供應器
3311,閎暉,市,NB與手機零組件
3312,弘憶股,市,IC通路
3321,同泰,市,PCB製造
3338,泰碩,市,連接元件
3346,麗清,市,電機
3356,奇偶,市,安全監控
3376,新日興,市,NB與手機零組件
3380,明泰,市,網通
3383,新世紀,市,LED及光元件
3406,玉晶光,市,光學鏡片
3413,京鼎,市,儀器設備工程
3416,融程電,市,LCD零組件
3419,譁裕,市,網通
3432,台端,市,連接元件
3437,榮創,市,LED及光元件
3443,創意,市,IC設計
3450,聯鈞,市,IC封測
3454,晶睿,市,安全監控
3481,群創,市,LCD TFT面板
3494,誠研,市,其他
3501,維熹,市,連接元件
3504,揚明光,市,光學鏡片
3515,華擎,市,主機板
3518,柏騰,市,NB與手機零組件
3528,安馳,市,IC通路
3530,晶相光,市,IC設計
3532,台勝科,市,太陽能
3533,嘉澤,市,連接元件
3535,晶彩科,市,儀器設備工程
3536,誠創,市,LCD零組件
3543,州巧,市,LCD TFT面板
3545,敦泰,市,IC設計
3550,聯穎,市,儀器設備工程
3557,嘉威,市,其他
3563,牧德,市,儀器設備工程
3576,聯合再生,市,太陽能
3583,辛耘,市,儀器設備工程
3588,通嘉,市,IC設計
3591,艾笛森,市,LED及光元件
3593,力銘,市,電源供應器
3596,智易,市,網通
3605,宏致,市,連接元件
3607,谷崧,市,NB與手機零組件
3617,碩天,市,變壓器與UPS
3622,洋華,市,LCD STN面板
3645,達邁,市,PCB製造
3653,健策,市,NB與手機零組件
3661,世芯-KY,市,IC設計
3665,貿聯-KY,市,連接元件
3669,圓展,市,消費電子
3673,TPK-KY,市,LCD STN面板
3679,新至陞,市,其他
3682,亞太電,市,電信服務
3686,達能,市,太陽能
3694,海華,市,網通
3701,大眾控,市,EMS
3702,大聯大,市,IC通路
3703,欣陸,市,營建
3704,合勤控,市,網通
3705,永信,市,生技
3706,神達,市,EMS
3708,上緯投控,市,化學工業
3711,日月光投控,市,IC封測
3712,永崴投控,市,光學鏡片
3714,富采,市,LED及光元件
4104,佳醫,市,生技
4106,雃博,市,生技
4108,懷特,市,生技
4119,旭富,市,生技
4133,亞諾法,市,生技
4137,麗豐-KY,市,生技
4141,龍燈-KY,市,生技
4142,國光生,市,生技
4148,全宇生技-KY,市,生技
4155,訊映,市,生技
4164,承業醫,市,生技
4190,佐登-KY,市,生技
4306,炎洲,市,塑膠
4414,如興,市,紡織纖維
4426,利勤,市,紡織纖維
4438,廣越,市,紡織纖維
4439,冠星-KY,市,紡織纖維
4526,東台,市,電機
4532,瑞智,市,電機
4536,拓凱,市,其他
4540,全球傳動,市,電機
4545,銘鈺,市,連接元件
4551,智伸科,市,汽車零組件
4552,力達-KY,市,電機
4555,氣立,市,電機
4557,永新-KY,市,汽車零組件
4560,強信-KY,市,電機
4562,穎漢,市,汽車零組件
4564,元翎,市,其他
4566,時碩工業,市,汽車零組件
4571,鈞興-KY,市,電機
4572,駐龍,市,電機
4576,大銀微系統,市,電機
4581,光隆精密-KY,市,汽車零組件
4720,德淵,市,化學工業
4722,國精化,市,塑膠
4737,華廣,市,生技
4739,康普,市,化學工業
4746,台耀,市,生技
4755,三福化,市,化學工業
4763,材料-KY,市,化學工業
4764,雙鍵,市,化學工業
4766,南寶,市,化學工業
4807,日成-KY,市,百貨
4904,遠傳,市,電信服務
4906,正文,市,網通
4912,聯德控股-KY,市,電機
4915,致伸,市,手機製造
4916,事欣科,市,工業電腦
4919,新唐,市,IC設計
4927,泰鼎-KY,市,PCB製造
4930,燦星網,市,電機
4934,太極,市,太陽能
4935,茂林-KY,市,LCD零組件
4938,和碩,市,EMS
4942,嘉彰,市,LED及光元件
4943,康控-KY,市,其他
4952,凌通,市,IC設計
4956,光鋐,市,LED及光元件
4958,臻鼎-KY,市,PCB製造
4960,誠美材,市,LCD零組件
4961,天鈺,市,IC設計
4967,十銓,市,DRAM銷售
4968,立積,市,IC設計
4976,佳凌,市,安全監控
4977,眾達-KY,市,網通
4989,榮科,市,被動元件
4994,傳奇,市,遊戲
4999,鑫禾,市,NB與手機零組件
5007,三星,市,鋼鐵
5203,訊連,市,其他
5215,科嘉-KY,市,NB與手機零組件
5225,東科-KY,市,消費電子
5234,達興材料,市,PCB材料設備
5243,乙盛-KY,市,LCD零組件
5258,虹堡,市,商業自動化
5269,祥碩,市,IC設計
5283,禾聯碩,市,電機
5284,jpp-KY,市,其他
5285,界霖,市,連接元件
5288,豐祥-KY,市,汽車零組件
5388,中磊,市,網通
5434,崇越,市,IC通路
5469,瀚宇博,市,PCB製造
5471,松翰,市,IC設計
5484,慧友,市,安全監控
5515,建國,市,營建
5519,隆大,市,營建
5521,工信,市,營建
5522,遠雄,市,營建
5525,順天,市,營建
5531,鄉林,市,營建
5533,皇鼎,市,營建
5534,長虹,市,營建
5538,東明-KY,市,鋼鐵
5546,永固-KY,市,營建
5607,遠雄港,市,航運
5608,四維航,市,航運
5706,鳳凰,市,觀光
5871,中租-KY,市,其他
5876,上海商銀,市,銀行
5880,合庫金,市,金控
5906,台南-KY,市,百貨
5907,大洋-KY,市,百貨
6005,群益證,市,證券
6024,群益期,市,證券
6108,競國,市,PCB製造
6112,聚碩,市,系統整合
6115,鎰勝,市,連接元件
6116,彩晶,市,LCD TFT面板
6117,迎廣,市,機殼
6120,達運,市,LCD零組件
6128,上福,市,其他
6133,金橋,市,連接元件
6136,富爾特,市,資訊通路
6139,亞翔,市,儀器設備工程
6141,柏承,市,PCB製造
6142,友勁,市,網通
6152,百一,市,通訊設備
6153,嘉聯益,市,PCB製造
6155,鈞寶,市,被動元件
6164,華興,市,LED及光元件
6165,浪凡,市,其他
6166,凌華,市,工業電腦
6168,宏齊,市,LED及光元件
6172,互億,市,網通
6176,瑞儀,市,LCD零組件
6177,達麗,市,營建
6183,關貿,市,其他
6184,大豐電,市,通訊設備
6189,豐藝,市,IC通路
6191,精成科,市,PCB製造
6192,巨路,市,PCB材料設備
6196,帆宣,市,儀器設備工程
6197,佳必琪,市,連接元件
6201,亞弘電,市,消費電子
6202,盛群,市,IC設計
6205,詮欣,市,連接元件
6206,飛捷,市,商業自動化
6209,今國光,市,光學鏡片
6213,聯茂,市,PCB材料設備
6214,精誠,市,系統整合
6215,和椿,市,系統整合
6216,居易,市,網通
6224,聚鼎,市,被動元件
6225,天瀚,市,數位相機
6226,光鼎,市,LED及光元件
6230,尼得科超眾,市,NB與手機零組件
6235,華孚,市,NB與手機零組件
6239,力成,市,IC封測
6243,迅杰,市,IC設計
6251,定穎,市,PCB製造
6257,矽格,市,IC封測
6269,台郡,市,PCB製造
6271,同欣電,市,IC封測
6277,宏正,市,其他
6278,台表科,市,PCB製造
6281,全國電,市,資訊通路
6282,康舒,市,電源供應器
6283,淳安,市,NB與手機零組件
6285,啟碁,市,通訊設備
6288,聯嘉,市,LED及光元件
6289,華上,市,LED及光元件
6405,悅城,市,LCD零組件
6409,旭隼,市,變壓器與UPS
6412,群電,市,電源供應器
6414,樺漢,市,工業電腦
6415,矽力-KY,市,IC設計
6416,瑞祺電通,市,網通
6426,統新,市,通訊設備
6431,光麗-KY,市,光學鏡片
6438,迅得,市,儀器設備工程
6442,光聖,市,通訊設備
6443,元晶,市,太陽能
6449,鈺邦,市,被動元件
6451,訊芯-KY,市,IC封測
6456,GIS-KY,市,LCD STN面板
6464,台數科,市,其他
6477,安集,市,太陽能
6491,晶碩,市,生技
6504,南六,市,生技
6505,台塑化,市,塑膠
6515,穎崴,市,IC封測
6525,捷敏-KY,市,IC封測
6531,愛普,市,IC設計
6533,晶心科,市,IC設計
6541,泰福-KY,市,生技
6552,易華電,市,IC封測
6558,興能高,市,NB與手機零組件
6573,虹揚-KY,市,LED及光元件
6579,研揚,市,工業電腦
6581,鋼聯,市,其他
6582,申豐,市,橡膠
6591,動力-KY,市,NB與手機零組件
6592,和潤企業,市,其他
6598,ABC-KY,市,生技
6605,帝寶,市,汽車零組件
6625,必應,市,其他
6641,基士德-KY,市,其他
6655,科定,市,其他
6666,羅麗芬-KY,市,生技
6668,中揚光,市,光學鏡片
6669,緯穎,市,EMS
6670,復盛應用,市,高爾夫球
6671,三能-KY,市,食品
6672,騰輝電子-KY,市,PCB製造
6674,鋐寶科技,市,網通
6698,旭暉應材,市,其他
6706,惠特,市,LED及光元件
6715,嘉基,市,連接元件
6743,安普新,市,消費電子
6754,匯僑設計,市,其他
6756,威鋒電子,市,IC設計
6768,志強-KY,市,其他
6776,展碁國際,市,資訊通路
6781,AES-KY,市,電源供應器
6790,永豐實,市,紙業
8011,台通,市,網通
8016,矽創,市,IC設計
8021,尖點,市,PCB材料設備
8028,昇陽半導體,市,IC代工
8033,雷虎,市,消費電子
8039,台虹,市,PCB製造
8046,南電,市,PCB製造
8070,長華*,市,儀器設備工程
8072,陞泰,市,安全監控
8081,致新,市,IC設計
8101,華冠,市,手機製造
8103,瀚荃,市,連接元件
8104,錸寶,市,LCD TFT面板
8105,凌巨,市,LCD STN面板
8110,華東,市,IC封測
8112,至上,市,IC通路
8114,振樺電,市,商業自動化
8131,福懋科,市,IC封測
8150,南茂,市,IC封測
8163,達方,市,其他
8201,無敵,市,消費電子
8210,勤誠,市,機殼
8213,志超,市,PCB製造
8215,明基材,市,LCD零組件
8222,寶一,市,其他
8249,菱光,市,數位相機
8261,富鼎,市,IC設計
8271,宇瞻,市,DRAM銷售
8341,日友,市,其他
8367,建新國際,市,航運
8374,羅昇,市,電機
8404,百和興業-KY,市,其他
8411,福貞-KY,市,其他
8422,可寧衛,市,其他
8427,基勝-KY,市,其他
8429,金麗-KY,市,百貨
8442,威宏-KY,市,其他
8443,阿瘦,市,百貨
8454,富邦媒,市,百貨
8462,柏文,市,觀光
8463,潤泰材,市,其他
8464,億豐,市,其他
8466,美吉吉-KY,市,其他
8467,波力-KY,市,其他
8473,山林水,市,其他
8478,東哥遊艇,市,其他
8480,泰昇-KY,市,其他
8481,政伸,市,其他
8482,商億-KY,市,其他
8488,吉源-KY,市,其他
8499,鼎炫-KY,市,其他
8926,台汽電,市,其他
8940,新天地,市,觀光
8996,高力,市,電機
9103,美德醫療-DR,市,其他
910322,康師傅-DR,市,食品
9105,泰金寶-DR,市,其他
910861,神州-DR,市,資訊通路
9110,越南控-DR,市,汽車零組件
911608,明輝-DR,市,其他
911622,泰聚亨-DR,市,鋼鐵
911868,同方友友-DR,市,LED及光元件
912000,晨訊科-DR,市,網通
912398,友佳-DR,市,存託憑證
9136,巨騰-DR,市,機殼
9188,精熙-DR,市,存託憑證
9802,鈺齊-KY,市,其他
9902,台火,市,其他
9904,寶成,市,其他
9905,大華,市,其他
9906,欣巴巴,市,營建
9907,統一實,市,其他
9908,大台北,市,其他
9910,豐泰,市,其他
9911,櫻花,市,其他
9912,偉聯,市,顯示器
9914,美利達,市,自行車
9917,中保科,市,其他
9918,欣天然,市,其他
9919,康那香,市,其他
9921,巨大,市,自行車
9924,福興,市,其他
9925,新保,市,其他
9926,新海,市,其他
9927,泰銘,市,鋼鐵
9928,中視,市,其他
9929,秋雨,市,其他
9930,中聯資源,市,其他
9931,欣高,市,其他
9933,中鼎,市,其他
9934,成霖,市,其他
9935,慶豐富,市,其他
9937,全國,市,其他
9938,百和,市,其他
9939,宏全,市,其他
9940,信義,市,其他
9941,裕融,市,其他
9942,茂順,市,汽車零組件
9943,好樂迪,市,觀光
9944,新麗,市,其他
9945,潤泰新,市,其他
9946,三發地產,市,營建
9955,佳龍,市,其他
9958,世紀鋼,市,鋼鐵
1240,茂生農經,櫃,其他
1258,其祥-KY,櫃,食品
1259,安心,櫃,觀光
1264,德麥,櫃,食品
1268,漢來美食,櫃,觀光
1336,台翰,櫃,NB與手機零組件
1565,精華,櫃,生技
1569,濱川,櫃,IC通路
1570,力肯,櫃,電機
1580,新麥,櫃,其他
1584,精剛,櫃,其他
1586,和勤,櫃,其他
1591,駿吉-KY,櫃,電機
1593,祺驊,櫃,生技
1595,川寶,櫃,PCB材料設備
1599,宏佳騰,櫃,電機
1742,台蠟,櫃,化學工業
1752,南光,櫃,生技
1777,生泰,櫃,生技
1781,合世,櫃,生技
1784,訊聯,櫃,生技
1785,光洋科,櫃,光碟片
1788,杏昌,櫃,生技
1796,金穎生技,櫃,生技
1799,易威,櫃,生技
1813,寶利徠,櫃,生技
1815,富喬,櫃,PCB材料設備
2035,唐榮公司,櫃,鋼鐵
2061,風青,櫃,電線電纜
2063,世鎧,櫃,鋼鐵
2064,晉椿,櫃,鋼鐵
2065,世豐,櫃,鋼鐵
2066,世德,櫃,汽車零組件
2067,嘉鋼,櫃,電機
2070,精湛,櫃,電機
2221,大甲,櫃,鋼鐵
2230,泰茂,櫃,汽車零組件
2235,謚源,櫃,汽車零組件
2596,綠意,櫃,營建
2640,大車隊,櫃,其他
2641,正德,櫃,航運
2643,捷迅,櫃,航運
2718,晶悅,櫃,觀光
2719,燦星旅,櫃,觀光
2724,富驛-KY,櫃,觀光
2726,雅茗-KY,櫃,觀光
2729,瓦城,櫃,觀光
2732,六角,櫃,觀光
2734,易飛網,櫃,觀光
2736,富野,櫃,觀光
2740,天蔥,櫃,觀光
2743,山富,櫃,觀光
2745,五福,櫃,觀光
2752,豆府,櫃,觀光
2754,亞洲藏壽司,櫃,觀光
2755,揚秦,櫃,觀光
2916,滿心,櫃,百貨
2924,東凌-KY,櫃,百貨
2926,誠品生活,櫃,百貨
2928,紅馬-KY,櫃,觀光事業
2937,集雅社,櫃,百貨
2947,振宇五金,櫃,百貨
3064,泰偉,櫃,遊戲
3066,李洲,櫃,LED及光元件
3067,全域,櫃,消費電子
3071,協禧,櫃,電源供應器
3073,天方能源,櫃,IC設計
3078,僑威,櫃,電源供應器
3081,聯亞,櫃,通訊設備
3083,網龍,櫃,遊戲
3085,新零售,櫃,其他
3086,華義,櫃,遊戲
3088,艾訊,櫃,工業電腦
3089,億杰,櫃,被動元件
3093,港建,櫃,儀器設備工程
3095,及成,櫃,NB與手機零組件
3105,穩懋,櫃,IC代工
3114,好德,櫃,資訊通路
3115,寶島極,櫃,PCB製造
3118,進階,櫃,生技
3122,笙泉,櫃,IC設計
3128,昇銳,櫃,安全監控
3131,弘塑,櫃,儀器設備工程
3141,晶宏,櫃,IC設計
3144,新揚科,櫃,電子零組件業
3147,大綜,櫃,系統整合
3152,璟德,櫃,被動元件
3162,精確,櫃,自行車
3163,波若威,櫃,通訊設備
3169,亞信,櫃,網通
3171,新洲,櫃,其他
3176,基亞,櫃,生技
3178,公準,櫃,電機
3188,鑫龍騰,櫃,營建
3191,和進,櫃,變壓器與UPS
3202,樺晟,櫃,連接元件
3205,佰研,櫃,生技
3206,志豐,櫃,NB與手機零組件
3207,耀勝,櫃,變壓器與UPS
3211,順達,櫃,NB與手機零組件
3213,茂訊,櫃,資訊通路
3217,優群,櫃,連接元件
3218,大學光,櫃,生技
3219,倚強科,櫃,其他
3221,台嘉碩,櫃,被動元件
3224,三顧,櫃,系統整合
3226,至寶電,櫃,汽車零組件
3227,原相,櫃,IC設計
3228,金麗科,櫃,IC設計
3230,錦明,櫃,機殼
3232,昱捷,櫃,IC通路
3234,光環,櫃,網通
3236,千如,櫃,被動元件
3252,海灣,櫃,觀光
3259,鑫創,櫃,IC設計
3260,威剛,櫃,DRAM銷售
3264,欣銓,櫃,IC封測
3265,台星科,櫃,IC封測
3268,海德威,櫃,IC設計
3272,東碩,櫃,連接元件
3276,宇環,櫃,PCB製造
3284,太普高,櫃,其他
3285,微端,櫃,消費電子
3287,廣寰科,櫃,消費電子
3288,點晶,櫃,IC設計
3289,宜特,櫃,IC其他
3290,東浦,櫃,其他
3293,鈊象,櫃,遊戲
3294,英濟,櫃,機殼
3297,杭特,櫃,安全監控
3303,岱稜,櫃,其他
3306,鼎天,櫃,其他
3310,佳穎,櫃,連接元件
3313,斐成,櫃,食品
3317,尼克森,櫃,IC設計
3322,建舜電,櫃,連接元件
3323,加百裕,櫃,NB與手機零組件
3324,雙鴻,櫃,NB與手機零組件
3325,旭品,櫃,機殼
3332,幸康,櫃,電源供應器
3339,泰谷,櫃,LED及光元件
3354,律勝,櫃,PCB製造
3357,臺慶科,櫃,連接元件
3360,尚立,櫃,IC通路
3362,先進光,櫃,光學鏡片
3363,上詮,櫃,被動元件
3372,典範,櫃,IC封測
3373,熱映,櫃,IC其他
3374,精材,櫃,IC封測
3379,彬台,櫃,電機
3388,崇越電,櫃,PCB製造
3390,旭軟,櫃,PCB製造
3402,漢科,櫃,儀器設備工程
3426,台興,櫃,其他
3434,哲固,櫃,安全監控
3438,類比科,櫃,IC設計
3441,聯一光電,櫃,LED及光元件
3444,利機,櫃,儀器設備工程
3455,由田,櫃,PCB材料設備
3465,進泰電子,櫃,其他
3466,致振,櫃,通訊設備
3479,安勤,櫃,工業電腦
3483,力致,櫃,NB與手機零組件
3484,崧騰,櫃,連接元件
3489,森寶,櫃,營建
3490,單井,櫃,LCD零組件
3491,昇達科,櫃,通訊設備
3492,長盛,櫃,連接元件
3498,陽程,櫃,儀器設備工程
3499,環天科,櫃,其他
3508,位速,櫃,NB與手機零組件
3511,矽瑪,櫃,連接元件
3512,皇龍,櫃,NB與手機零組件
3516,亞帝歐,櫃,LCD零組件
3520,華盈,櫃,連接元件
3521,鴻翊,櫃,商業自動化
3522,御頂,櫃,觀光
3523,迎輝,櫃,LCD零組件
3526,凡甲,櫃,連接元件
3527,聚積,櫃,IC設計
3529,力旺,櫃,IC設計
3531,先益,櫃,LED及光元件
3537,堡達,櫃,IC通路
3540,曜越,櫃,機殼
3541,西柏,櫃,通訊設備
3546,宇峻,櫃,遊戲
3548,兆利,櫃,連接元件
3551,世禾,櫃,儀器設備工程
3552,同致,櫃,汽車零組件
3555,重鵬,櫃,IC設計
3556,禾瑞亞,櫃,IC設計
3558,神準,櫃,網通
3564,其陽,櫃,工業電腦
3567,逸昌,櫃,IC封測
3570,大塚,櫃,系統整合
3577,泓格,櫃,工業電腦
3580,友威科,櫃,儀器設備工程
3581,博磊,櫃,IC封測
3587,閎康,櫃,其他
3594,磐儀,櫃,工業電腦
3597,映興,櫃,連接元件
3609,三一東林,櫃,LED及光元件
3611,鼎翰,櫃,工業電腦
3615,安可,櫃,LCD STN面板
3623,富晶通,櫃,LCD STN面板
3624,光頡,櫃,LED及光元件
3625,西勝,櫃,NB與手機零組件
3628,盈正,櫃,變壓器與UPS
3629,地心引力,櫃,其他
3630,新鉅科,櫃,光學鏡片
3631,晟楠,櫃,IC其他
3632,研勤,櫃,其他
3642,駿熠電,櫃,其他
3646,艾恩特,櫃,連接元件
3652,精聯,櫃,工業電腦
3663,鑫科,櫃,太陽能
3664,安瑞-KY,櫃,系統整合
3666,光耀,櫃,LCD零組件
3672,康聯訊,櫃,通訊設備
3675,德微,櫃,LED及光元件
3680,家登,櫃,儀器設備工程
3684,榮昌,櫃,通訊設備
3685,元創精密,櫃,電機
3687,歐買尬,櫃,其他
3689,湧德,櫃,連接元件
3691,碩禾,櫃,太陽能
3693,營邦,櫃,工業電腦
3707,漢磊,櫃,IC製造
3709,鑫聯大投控,櫃,EMS
3710,連展投控,櫃,連接元件
3713,新晶投控,櫃,太陽能
4102,永日,櫃,生技
4105,東洋,櫃,生技
4107,邦特,櫃,生技
4109,加捷生醫,櫃,生技
4111,濟生,櫃,生技
4113,聯上,櫃,營建
4114,健喬,櫃,生技
4116,明基醫,櫃,生技
4120,友華,櫃,生技
4121,優盛,櫃,生技
4123,晟德,櫃,生技
4126,太醫,櫃,生技
4127,天良,櫃,生技
4128,中天,櫃,生技
4129,聯合,櫃,生技
4130,健亞,櫃,生技
4131,晶宇,櫃,生技
4138,曜亞,櫃,生技
4139,馬光-KY,櫃,生技
4147,中裕,櫃,生技
4153,鈺緯,櫃,生技
4154,樂威科-KY,櫃,生技
4157,太景*-KY,櫃,生技
4160,創源,櫃,生技
4161,聿新科,櫃,生技
4162,智擎,櫃,生技
4163,鐿鈦,櫃,生技
4167,松瑞藥,櫃,生技
4168,醣聯,櫃,生技
4171,瑞基,櫃,生技
4173,久裕,櫃,生技
4174,浩鼎,櫃,生技
4175,杏一,櫃,生技
4183,福永生技,櫃,生技
4188,安克,櫃,生技
4192,杏國,櫃,生技
4198,欣大健康,櫃,生技
4205,中華食,櫃,食品
4207,環泰,櫃,食品
4303,信立,櫃,塑膠
4304,勝昱,櫃,塑膠
4305,世坤,櫃,塑膠
4401,東隆興,櫃,紡織纖維
4402,福大,櫃,紡織纖維
4406,新昕纖,櫃,紡織纖維
4413,飛寶企業,櫃,紡織纖維
4416,三圓,櫃,營建
4417,金洲,櫃,紡織纖維
4419,元勝,櫃,紡織纖維
4420,光明,櫃,紡織纖維
4429,聚紡,櫃,紡織纖維
4430,耀億,櫃,其他
4432,銘旺實,櫃,紡織纖維
4433,興采,櫃,紡織纖維
4502,健信,櫃,汽車零組件
4503,金雨,櫃,顯示器
4506,崇友,櫃,電機
4510,高鋒,櫃,電機
4513,福裕,櫃,電機
4523,永彰,櫃,汽車零組件
4527,方土霖,櫃,電機
4528,江興鍛,櫃,汽車零組件
4529,淳紳,櫃,其他
4530,宏易,櫃,電機
4533,協易機,櫃,電機
4534,慶騰,櫃,電機
4535,至興,櫃,汽車零組件
4538,大詠城,櫃,電機
4541,晟田,櫃,其他
4542,科嶠,櫃,儀器設備工程
4543,萬在,櫃,汽車零組件
4549,桓達,櫃,電機
4550,長佳,櫃,電機
4554,橙的,櫃,汽車零組件
4556,旭然,櫃,其他
4561,健椿,櫃,電機
4563,百德,櫃,電機
4568,科際精密,櫃,電機
4580,捷流閥業,櫃,電機
4609,唐鋒,櫃,電機
4702,中美實,櫃,化學工業
4706,大恭,櫃,化學工業
4707,磐亞,櫃,化學工業
4711,永純,櫃,塑膠
4712,南璋,櫃,食品
4714,永捷,櫃,塑膠
4716,大立,櫃,塑膠
4721,美琪瑪,櫃,化學工業
4726,永昕,櫃,生技
4728,雙美,櫃,生技
4729,熒茂,櫃,LCD零組件
4735,豪展,櫃,生技
4736,泰博,櫃,生技
4741,泓瀚,櫃,化學工業
4743,合一,櫃,生技
4744,皇將,櫃,生技
4745,合富-KY,櫃,生技
4747,強生,櫃,生技
4754,國碳科,櫃,化學工業
4760,勤凱科技,櫃,被動元件
4767,誠泰科技,櫃,化學工業
4803,VHQ-KY,櫃,文化創意業
4804,大略-KY,櫃,觀光
4806,昇華,櫃,其他
4903,聯光通,櫃,通訊設備
4905,台聯電,櫃,通訊設備
4907,富宇,櫃,營建
4908,前鼎,櫃,通訊設備
4909,新復興,櫃,PCB製造
4911,德英,櫃,生技
4924,欣厚-KY,櫃,其他
4931,新盛力,櫃,NB與手機零組件
4933,友輝,櫃,LCD零組件
4939,亞電,櫃,PCB製造
4944,兆遠,櫃,LED及光元件
4945,陞達科技,櫃,IC設計
4946,辣椒,櫃,遊戲
4950,牧東,櫃,LCD STN面板
4953,緯軟,櫃,系統整合
4966,譜瑞-KY,櫃,IC設計
4971,IET-KY,櫃,IC製造
4972,湯石照明,櫃,LED及光元件
4973,廣穎,櫃,IC設計
4974,亞泰,櫃,掃描器
4979,華星光,櫃,通訊設備
4987,科誠,櫃,其他
4991,環宇-KY,櫃,IC其他
4995,晶達,櫃,LCD TFT面板
5009,榮剛,櫃,鋼鐵
5011,久陽,櫃,鋼鐵
5013,強新,櫃,鋼鐵
5014,建錩,櫃,鋼鐵
5015,華祺,櫃,鋼鐵
5016,松和,櫃,鋼鐵
5102,富強,櫃,橡膠
5201,凱衛,櫃,系統整合
5202,力新,櫃,其他
5205,中茂,櫃,系統整合
5206,坤悅,櫃,營建
5209,新鼎,櫃,系統整合
5210,寶碩,櫃,系統整合
5211,蒙恬,櫃,其他
5212,凌網,櫃,系統整合
5213,亞昕,櫃,營建
5220,萬達光電,櫃,LCD STN面板
5223,安力-KY,櫃,NB與手機零組件
5227,立凱-KY,櫃,其他
5230,雷笛克光學,櫃,LED及光元件
5236,凌陽創新,櫃,IC設計
5245,智晶,櫃,LCD TFT面板
5251,天鉞電,櫃,安全監控
5263,智崴,櫃,其他
5272,笙科,櫃,IC設計
5274,信驊,櫃,IC設計
5276,達輝-KY,櫃,汽車零組件
5278,尚凡,櫃,其他
5281,大峽谷-KY,櫃,LED及光元件
5287,數字,櫃,其他
5289,宜鼎,櫃,DRAM銷售
5291,邑昇,櫃,PCB製造
5299,杰力,櫃,IC代工
5301,寶得利,櫃,觀光
5302,太欣,櫃,IC設計
5306,桂盟,櫃,自行車
5309,系統電,櫃,變壓器與UPS
5310,天剛,櫃,系統整合
5312,寶島科,櫃,生技
5314,世紀,櫃,IC設計
5315,光聯,櫃,LCD STN面板
5321,美而快,櫃,PCB製造
5324,士開,櫃,營建
5328,華容,櫃,電源供應器
5340,建榮,櫃,PCB材料設備
5344,立衛,櫃,IC封測
5345,天揚,櫃,其他
5347,世界,櫃,IC代工
5348,系通,櫃,通訊設備
5351,鈺創,櫃,IC設計
5353,台林,櫃,通訊設備
5355,佳總,櫃,PCB製造
5356,協益,櫃,其他
5364,力麗店,櫃,觀光
5371,中光電,櫃,LCD零組件
5381,合正,櫃,PCB材料設備
5383,金利,櫃,連接元件
5386,青雲,櫃,PC介面卡
5392,能率,櫃,連接元件
5398,慕康生醫,櫃,生技
5403,中菲,櫃,系統整合
5410,國眾,櫃,資訊通路
5425,台半,櫃,LED及光元件
5426,振發,櫃,機殼
5432,新門,櫃,LCD零組件
5438,東友,櫃,其他
5439,高技,櫃,PCB製造
5443,均豪,櫃,IC其他
5450,南良,櫃,其他
5452,佶優,櫃,其他
5455,昇益,櫃,營建
5457,宣德,櫃,連接元件
5460,同協,櫃,連接元件
5464,霖宏,櫃,PCB製造
5465,富驊,櫃,機殼
5468,凱鈺,櫃,IC設計
5474,聰泰,櫃,PC介面卡
5475,德宏,櫃,PCB材料設備
5478,智冠,櫃,遊戲
5481,新華,櫃,其他
5483,中美晶,櫃,太陽能
5487,通泰,櫃,IC設計
5488,松普,櫃,連接元件
5489,彩富,櫃,安全監控
5490,同亨,櫃,商業自動化
5493,三聯,櫃,儀器設備工程
5498,凱崴,櫃,PCB材料設備
5508,永信建,櫃,營建
5511,德昌,櫃,營建
5512,力麒,櫃,營建
5514,三豐,櫃,營建
5516,雙喜,櫃,營建
5520,力泰,櫃,營建
5523,豐謙,櫃,營建
5529,鉅陞,櫃,營建
5530,龍巖,櫃,其他
5536,聖暉,櫃,儀器設備工程
5543,桓鼎-KY,櫃,鋼鐵
5601,台聯櫃,櫃,航運
5603,陸海,櫃,航運
5604,中連貨,櫃,其他
5609,中菲行,櫃,航運
5701,劍湖山,櫃,觀光
5703,亞都麗緻,櫃,觀光
5704,老爺知,櫃,觀光
5820,日盛金,櫃,金控
5864,致和證,櫃,證券
5878,台名,櫃,保險
5902,德記,櫃,百貨
5903,全家,櫃,百貨
5904,寶雅,櫃,百貨
5905,南仁湖,櫃,百貨
6015,宏遠證,櫃,證券
6016,康和證,櫃,證券
6020,大展證,櫃,證券
6021,大慶證,櫃,證券
6023,元大期貨,櫃,證券
6026,福邦證,櫃,證券
6101,寬魚國際,櫃,其他
6103,合邦,櫃,IC設計
6104,創惟,櫃,IC設計
6109,亞元,櫃,電源供應器
6111,大宇資,櫃,遊戲
6113,亞矽,櫃,IC通路
6114,久威,櫃,PCB製造
6118,建達,櫃,資訊通路
6121,新普,櫃,NB與手機零組件
6122,擎邦,櫃,儀器設備工程
6123,上奇,櫃,資訊通路
6124,業強,櫃,IC其他
6125,廣運,櫃,儀器設備工程
6126,信音,櫃,連接元件
6127,九豪,櫃,被動元件
6129,普誠,櫃,IC設計
6130,星寶國際,櫃,生技
6134,萬旭,櫃,連接元件
6138,茂達,櫃,IC設計
6140,訊達電腦,櫃,系統整合
6143,振曜,櫃,網通
6144,得利影,櫃,資訊通路
6146,耕興,櫃,IC封測
6147,頎邦,櫃,IC封測
6148,驊宏資,櫃,系統整合
6150,撼訊,櫃,PC介面卡
6151,晉倫,櫃,IC通路
6154,順發,櫃,資訊通路
6156,松上,櫃,PCB製造
6158,禾昌,櫃,連接元件
6160,欣技,櫃,商業自動化
6161,捷波,櫃,主機板
6163,華電網,櫃,系統整合
6167,久正,櫃,LCD STN面板
6169,昱泉,櫃,遊戲
6170,統振,櫃,資訊通路
6171,大城地產,櫃,營建
6173,信昌電,櫃,被動元件
6174,安碁,櫃,被動元件
6175,立敦,櫃,被動元件
6179,亞通,櫃,其他
6180,橘子,櫃,遊戲
6182,合晶,櫃,IC製造
6185,幃翔,櫃,連接元件
6186,新潤,櫃,營建
6187,萬潤,櫃,IC其他
6188,廣明,櫃,其他
6190,萬泰科,櫃,連接元件
6194,育富,櫃,PCB製造
6195,詩肯,櫃,百貨
6198,凌泰,櫃,IC設計
6199,天品,櫃,其他
6203,海韻電,櫃,電源供應器
6204,艾華,櫃,被動元件
6207,雷科,櫃,通訊設備
6208,日揚,櫃,儀器設備工程
6210,慶生,櫃,PCB製造
6212,理銘,櫃,營建
6217,中探針,櫃,PCB材料設備
6218,豪勉,櫃,系統整合
6219,富旺,櫃,營建
6220,岳豐,櫃,網通
6221,晉泰,櫃,系統整合
6222,上揚,櫃,顯示器
6223,旺矽,櫃,IC其他
6227,茂綸,櫃,IC通路
6228,全譜,櫃,掃描器
6229,研通,櫃,IC設計
6231,系微,櫃,IC其他
6233,旺玖,櫃,IC設計
6234,高僑,櫃,PCB材料設備
6236,康呈,櫃,生技
6237,驊訊,櫃,IC設計
6240,松崗,櫃,其他
6241,易通展,櫃,網通
6242,立康,櫃,生技
6244,茂迪,櫃,太陽能
6245,立端,櫃,工業電腦
6246,臺龍,櫃,變壓器與UPS
6247,淇譽電,櫃,消費電子
6248,沛波,櫃,鋼鐵
6259,百徽,櫃,IC通路
6261,久元,櫃,IC封測
6263,普萊德,櫃,網通
6264,富裔,櫃,營建
6265,方土昶,櫃,連接元件
6266,泰詠,櫃,PCB材料設備
6270,倍微,櫃,IC通路
6274,台燿,櫃,PCB材料設備
6275,元山,櫃,其他
6276,安鈦克,櫃,其他
6279,胡連,櫃,汽車零組件
6284,佳邦,櫃,變壓器與UPS
6287,元隆,櫃,IC製造
6290,良維,櫃,連接元件
6291,沛亨,櫃,IC設計
6292,迅德,櫃,變壓器與UPS
6294,智基,櫃,其他
6404,通訊-KY,櫃,遊戲
6411,晶焱,櫃,IC設計
6417,韋僑,櫃,被動元件
6418,詠昇,櫃,連接元件
6419,京晨科,櫃,安全監控
6425,易發,櫃,IC其他
6432,今展科,櫃,被動元件
6435,大中,櫃,IC設計
6441,廣錠,櫃,工業電腦
6446,藥華藥,櫃,生技
6457,紘康,櫃,IC設計
6461,益得,櫃,生技
6462,神盾,櫃,IC設計
6465,威潤,櫃,通訊設備
6469,大樹,櫃,生技
6470,宇智,櫃,通訊設備
6472,保瑞,櫃,生技
6482,弘煜科,櫃,遊戲
6485,點序,櫃,IC設計
6486,互動,櫃,系統整合
6488,環球晶,櫃,IC製造
6492,生華科,櫃,生技
6494,九齊,櫃,IC設計
6496,科懋,櫃,生技
6499,益安,櫃,生技
6506,雙邦,櫃,紡織纖維
6508,惠光,櫃,生技
6509,聚和,櫃,化學工業
6510,精測,櫃,IC封測
6512,啟發電,櫃,其他
6514,芮特-KY,櫃,通訊設備
6516,勤崴國際,櫃,系統整合
6523,達爾膚,櫃,生技
6527,明達醫,櫃,生技
6530,創威,櫃,通訊設備
6532,瑞耘,櫃,IC製造
6535,順藥,櫃,生技
6538,倉和,櫃,其他
6542,隆中,櫃,遊戲
6547,高端疫苗,櫃,生技
6548,長科*,櫃,LED及光元件
6556,勝品,櫃,安全監控
6560,欣普羅,櫃,安全監控
6561,是方,櫃,網通
6568,宏觀,櫃,IC設計
6569,醫揚,櫃,生技
6570,維田,櫃,工業電腦
6574,霈方,櫃,生技
6576,逸達,櫃,生技
6577,勁豐,櫃,顯示器
6578,達邦蛋白,櫃,其他
6588,東典,櫃,通訊設備
6589,台康生技,櫃,生技
6590,普鴻,櫃,系統整合
6593,台灣銘板,櫃,系統整合
6594,展匯科,櫃,IC設計
6596,寬宏藝術,櫃,其他
6603,富強鑫,櫃,電機
6609,瀧澤科,櫃,電機
6612,奈米醫材,櫃,生技
6613,朋億,櫃,儀器設備工程
6615,慧智,櫃,生技
6616,特昇-KY,櫃,其他
6624,萬年清,櫃,其他
6629,泰金-KY,櫃,其他
6640,均華,櫃,IC其他
6642,富致,櫃,被動元件
6643,M31,櫃,IC設計
6649,台生材,櫃,生技
6651,全宇昕,櫃,IC設計
6654,天正國際,櫃,IC其他
6661,威健生技,櫃,生技
6662,樂斯科,櫃,生技
6664,群翊,櫃,PCB材料設備
6667,信紘科,櫃,儀器設備工程
6679,鈺太,櫃,IC設計
6680,鑫創電子,櫃,工業電腦
6683,雍智科技,櫃,IC其他
6684,安格,櫃,IC設計
6690,安碁資訊,櫃,系統整合
6697,東捷資訊,櫃,系統整合
6703,軒郁,櫃,生技
6712,長聖,櫃,生技
6716,應廣,櫃,IC設計
6727,亞泰金屬,櫃,PCB材料設備
6728,上洋,櫃,電機
6732,昇佳電子,櫃,IC設計
6733,博晟生醫,櫃,生技
6741,91APP*-KY,櫃,其他
6747,亨泰光,櫃,生技
6751,智聯服務,櫃,系統整合
6752,叡揚,櫃,系統整合
6762,達亞,櫃,生技
6767,台微醫,櫃,生技
6788,華景電,櫃,PCB材料設備
6803,崑鼎投控,櫃,其他
7402,邑錡,櫃,光學鏡片
7556,意德士科技,櫃,儀器設備工程
8024,佑華,櫃,IC設計
8027,鈦昇,櫃,電機
8032,光菱,櫃,IC通路
8034,榮群,櫃,通訊設備
8038,長園科,櫃,NB與手機零組件
8040,九暘,櫃,IC設計
8042,金山電,櫃,被動元件
8043,蜜望實,櫃,被動元件
8044,網家,櫃,其他
8047,星雲,櫃,其他
8048,德勝,櫃,通訊設備
8049,晶采,櫃,LCD STN面板
8050,廣積,櫃,工業電腦
8054,安國,櫃,IC設計
8059,凱碩,櫃,通訊設備
8064,東捷,櫃,儀器設備工程
8066,來思達,櫃,百貨
8067,志旭,櫃,資訊通路
8068,全達,櫃,IC通路
8069,元太,櫃,LCD TFT面板
8071,能率網通,櫃,光碟片
8074,鉅橡,櫃,PCB材料設備
8076,伍豐,櫃,商業自動化
8077,洛碁,櫃,觀光
8080,永利聯合,櫃,被動元件
8083,瑞穎,櫃,其他
8084,巨虹,櫃,IC通路
8085,福華,櫃,LCD零組件
8086,宏捷科,櫃,IC代工
8087,華鎂鑫,櫃,光碟片
8088,品安,櫃,DRAM銷售
8089,康全電訊,櫃,網通
8091,翔名,櫃,儀器設備工程
8092,建暐,櫃,儀器設備工程
8093,保銳,櫃,變壓器與UPS
8096,擎亞,櫃,IC設計
8097,常珵,櫃,連接元件
8099,大世科,櫃,系統整合
8107,大億金茂,櫃,汽車零組件
8109,博大,櫃,電源供應器
8111,立碁,櫃,LED及光元件
8121,越峰,櫃,被動元件
8147,正淩,櫃,連接元件
8155,博智,櫃,PCB製造
8171,天宇,櫃,NB與手機零組件
8176,智捷,櫃,網通
8182,加高,櫃,被動元件
8183,精星,櫃,其他
8234,新漢,櫃,工業電腦
8240,華宏,櫃,LCD零組件
8255,朋程,櫃,汽車零組件
8277,商丞,櫃,DRAM銷售
8279,生展,櫃,生技
8284,三竹,櫃,資訊通路
8289,泰藝,櫃,被動元件
8291,尚茂,櫃,PCB材料設備
8299,群聯,櫃,IC設計
8342,益張,櫃,其他
8349,恒耀國際,櫃,鋼鐵
8354,冠好,櫃,其他
8358,金居,櫃,PCB材料設備
8383,千附,櫃,儀器設備工程
8390,金益鼎,櫃,其他
8401,白紗科,櫃,其他
8403,盛弘,櫃,生技
8406,金可-KY,櫃,生技
8409,商之器,櫃,生技
8410,森田,櫃,其他
8415,大國鋼,櫃,鋼鐵
8416,實威,櫃,系統整合
8418,捷必勝-KY,櫃,其他
8420,明揚,櫃,高爾夫球
8421,旭源,櫃,儀器設備工程
8423,保綠-KY,櫃,橡膠
8424,惠普,櫃,營建
8426,紅木-KY,櫃,其他
8431,匯鑽科,櫃,連接元件
8432,東生華,櫃,生技
8433,弘帆,櫃,百貨
8435,鉅邁,櫃,其他
8436,大江,櫃,生技
8437,大地-KY,櫃,其他
8440,綠電,櫃,其他
8444,綠河-KY,櫃,其他
8446,華研,櫃,其他
8450,霹靂,櫃,其他
8455,大拓-KY,櫃,其他
8472,夠麻吉,櫃,其他
8476,台境,櫃,其他
8477,創業家,櫃,其他
8489,三貝德,櫃,其他
8905,裕國,櫃,食品
8906,花王,櫃,其他
8908,欣雄,櫃,其他
8916,光隆,櫃,紡織纖維
8917,欣泰,櫃,其他
8921,沈氏,櫃,其他
8923,時報,櫃,其他
8924,大田,櫃,高爾夫球
8927,北基,櫃,其他
8928,鉅明,櫃,高爾夫球
8929,富堡,櫃,其他
8930,青鋼,櫃,鋼鐵
8931,大汽電,櫃,其他
8932,宏大,櫃,其他
8933,愛地雅,櫃,自行車
8935,邦泰,櫃,塑膠
8936,國統,櫃,營建
8937,合騏,櫃,其他
8938,明安,櫃,高爾夫球
8941,關中,櫃,其他
8942,森鉅,櫃,其他
9949,琉園,櫃,其他
9950,萬國通,櫃,塑膠
9951,皇田,櫃,汽車零組件
9960,邁達康,櫃,高爾夫球
9962,有益,櫃,鋼鐵
